Carimbo de data/hora	G√™nero	Idade	Morador de Ubat√£?	Quanto voc√™ gasta em uma sa√≠da em Ubat√£?  Desconsidere o almo√ßo para essa e outras respostas. 	Durante o per√≠odo de um m√™s, qual o local que voc√™ mais vai na cidade?	Voc√™ considera o lazer ofertado por esses locais adequado?	Dentro dos listados abaixo, qual fator voc√™ considera como principal para escolher um local para sair?	Voc√™ estaria disposto a pagar um pre√ßo mais caro em um produto por um local de sa√≠da mais agrad√°vel?	Se sim, at√© quanto?	Descreva as coisas que voc√™ mais gostaria que melhorasse no servi√ßo de comida em Ubat√£	Descreva as coisas que voc√™ mais gosta nos servi√ßos de comida em Ubat√£	O que voc√™ espera de um local para sair?	Voc√™ considera ser divertido sair para comer em Ubat√£?	De uma forma geral, o qu√£o voc√™ est√° satisfeito com os servi√ßos de comida prestados na cidade de Ubat√£?
2019/12/05 2:58:46 PM GMT-3	Masculino	18 a 24 anos	SIm	Entre 15 e 20 reais	Salgado de Ana 	N√£o	Comida	Sim	Acima de 15 reais mais caro	Ambiente, variedade de comida, pre√ßo e etc 	√Äs vezes a comida √© boa, √†s vezes sai r√°pido... √â incerto 	Ambiente confort√°vel e tranquilo;Atendimento r√°pido;Variedade de produto;Conforto	N√£o	7
2019/12/05 3:09:51 PM GMT-3	Masculino	18 a 24 anos	SIm	Entre 10 e 15 reais	Pra√ßa					Pra√ßa	Salgados	Ambiente confort√°vel e tranquilo	N√£o	5
2019/12/05 3:13:10 PM GMT-3	Feminino	18 a 24 anos	SIm	Entre 10 e 15 reais	A√ßa√≠ ou acaraj√©	Sim	Comida	Sim	Acima de 15 reais mais caro	O espa√ßo 	Atendimento 	Ambiente confort√°vel e tranquilo;Atendimento r√°pido;Variedade de produto	N√£o	6
2019/12/05 3:14:19 PM GMT-3	Feminino	18 a 24 anos	SIm	Entre 15 e 20 reais		N√£o	Comida	Sim	At√© 10 reais mais caro	Atendimento, locais novos 		Variedade de produto	N√£o	6
2019/12/05 3:15:47 PM GMT-3	Masculino	18 a 24 anos	N√£o	Entre 10 e 15 reais	Pra√ßa	Considerando a realidade da cidade, sim.	Custo / Benef√≠cio	Sim	At√© 5 reais mais caro	Qualidade e agilidade	Comer com os amigos	Ambiente confort√°vel e tranquilo;Atendimento r√°pido;Pre√ßo de acordo ao local;Variedade de produto;Conforto	Sim	7
2019/12/05 3:16:14 PM GMT-3	Masculino	18 a 24 anos	N√£o	Entre 10 e 15 reais	Acaraj√© 	N√£o	Comida	Sim	At√© 10 reais mais caro	Variedade em comidas e pre√ßo bom	Pre√ßo acess√≠vel 	Ambiente confort√°vel e tranquilo;Atendimento r√°pido;Pre√ßo de acordo ao local;Variedade de produto	N√£o	6
2019/12/05 3:17:58 PM GMT-3	Masculino	18 a 24 anos	N√£o	Entre 15 e 20 reais	Pra√ßa					Feira	Mercado	Variedade de produto	N√£o	5
2019/12/05 3:23:50 PM GMT-3	Feminino	18 a 24 anos	SIm	Entre 10 e 15 reais		Considerando a realidade da cidade, sim.	Comida	N√£o		Variedade	Pre√ßo	Ambiente confort√°vel e tranquilo	Sim	6
2019/12/05 3:27:22 PM GMT-3	Feminino	15 a 18 anos	SIm	Entre 10 e 15 reais	Escola	N√£o	Comida	Sim	At√© 10 reais mais caro	Atendimento e variedade		Variedade de produto	Sim	7
2019/12/05 3:32:27 PM GMT-3	Feminino	18 a 24 anos	SIm	Acima de 20 reais	Posto Samarino 	N√£o	Comida	Sim	At√© 15 reais mais caro	Diversidade de comidas 	Nada rsrsrs	Ambiente confort√°vel e tranquilo	N√£o	4
2019/12/05 3:34:48 PM GMT-3	Masculino	24 a 40 anos	SIm	Entre 10 e 15 reais	Hamb√∫rguer do Alex	Considerando a realidade da cidade, sim.	Comida	Sim	At√© 10 reais mais caro	Musica	N√£o sei	Ambiente confort√°vel e tranquilo;Atendimento r√°pido;Pre√ßo de acordo ao local	Sim	6
2019/12/05 3:35:11 PM GMT-3	Masculino	At√© 15 anos	SIm	Entre 10 e 15 reais	Doce Mania 	Considerando a realidade da cidade, sim.	Custo / Benef√≠cio	Sim	At√© 10 reais mais caro	Variedade 	Atendimento	Pre√ßo de acordo ao local	Sim	8
2019/12/05 3:38:12 PM GMT-3	Masculino	15 a 18 anos	SIm	Entre 15 e 20 reais	Minha ksa	Considerando a realidade da cidade, sim.	Pre√ßo	Sim	At√© 5 reais mais caro	Atendimento	A comida	Ambiente confort√°vel e tranquilo	N√£o	5
2019/12/05 3:38:28 PM GMT-3	Masculino	18 a 24 anos	N√£o	Entre 15 e 20 reais	A√ßaioca	Considerando a realidade da cidade, sim.	Comida	Sim	At√© 5 reais mais caro	Maior variedade		Ambiente confort√°vel e tranquilo;Atendimento r√°pido;Pre√ßo de acordo ao local;Variedade de produto;Conforto	Sim	6
2019/12/05 3:43:25 PM GMT-3	Masculino	15 a 18 anos	SIm	Entre 10 e 15 reais	Pra√ßa Rui Barbosa	Considerando a realidade da cidade, sim.	Espa√ßo agrad√°vel	Sim	At√© 10 reais mais caro	Atendimento	Simpatia	Atendimento r√°pido	Sim	4
2019/12/05 3:44:29 PM GMT-3	Masculino	15 a 18 anos	SIm	Entre 15 e 20 reais	Eu encomendo pizza ou vou pra acaioca, alex	N√£o	Comida	Sim	At√© 10 reais mais caro	Variedades de comidas, espa√ßos agrad√°veis, entregas r√°pidas, comidas boas e saud√°veis	N√£o tenho algo espec√≠fico 	Ambiente confort√°vel e tranquilo;Atendimento r√°pido;Variedade de produto	N√£o	3
2019/12/05 3:48:47 PM GMT-3	Masculino	24 a 40 anos	SIm	Acima de 20 reais	A√ßaioca	N√£o	Comida	Sim	At√© 10 reais mais caro	Atendimento, card√°pio diversificado e de bom paladar	Nada	Variedade de produto	N√£o	1
2019/12/05 3:54:35 PM GMT-3	Feminino	18 a 24 anos	SIm	Acima de 20 reais	Pra√ßa Ruy Barbosa	N√£o	Comida	Sim	At√© 5 reais mais caro	Pre√ßo e atendimento	As entregas em domic√≠lio	Ambiente confort√°vel e tranquilo;Atendimento r√°pido;Variedade de produto	N√£o	5
2019/12/05 3:57:17 PM GMT-3	Masculino	15 a 18 anos	SIm	Entre 10 e 15 reais	Hamb√∫rguer do Alex	Considerando a realidade da cidade, sim.	Custo / Benef√≠cio	Sim	At√© 10 reais mais caro			Pre√ßo de acordo ao local	Sim	9
2019/12/05 4:05:02 PM GMT-3	Feminino	Acima de 40 anos	SIm	Acima de 20 reais	Posto samarino	N√£o	Comida	Sim	Acima de 15 reais mais caro	Ambiente agrad√°vel, entretenimento, comida de qualidade e   bom pre√ßo.	Gosto de nada, s√≥ saio pra comer mesmo .	Ambiente confort√°vel e tranquilo;Atendimento r√°pido;Pre√ßo de acordo ao local	N√£o	5
2019/12/05 4:05:09 PM GMT-3	Masculino	24 a 40 anos	SIm	Acima de 20 reais	Rodovi√°ria empinar moto 	Considerando a realidade da cidade, sim.	Espa√ßo agrad√°vel	Sim	Acima de 15 reais mais caro	Qualidade atendimento e desigualdade social	Alguns locais o atendimento s√£o bons	Ambiente confort√°vel e tranquilo	Sim	7
2019/12/05 4:08:50 PM GMT-3	Masculino	18 a 24 anos	SIm	Entre 10 e 15 reais	Salgado do camamuzinho	N√£o	Custo / Benef√≠cio	Sim	Acima de 15 reais mais caro	Mais diversifica√ß√£o	Reunir a galera	Ambiente confort√°vel e tranquilo;Atendimento r√°pido;Pre√ßo de acordo ao local	N√£o	4
2019/12/05 4:22:59 PM GMT-3	Feminino	Acima de 40 anos	SIm	Entre 10 e 15 reais	Casa do a√ßai	Sim	Custo / Benef√≠cio	N√£o		Atendimento	Qualidade	Pre√ßo de acordo ao local	Sim	8
2019/12/05 4:23:13 PM GMT-3	Masculino	18 a 24 anos	SIm	Acima de 20 reais	Pousada contactus	Considerando a realidade da cidade, sim.	Custo / Benef√≠cio	N√£o		Sabor e pre√ßo	Sabor e pre√ßo	Atendimento r√°pido;Pre√ßo de acordo ao local;Variedade de produto	N√£o	4
2019/12/05 4:25:49 PM GMT-3	Masculino	18 a 24 anos	SIm	Entre 15 e 20 reais	Bom, aqui tem poucas op√ß√µes. Geralmente vou ao hamb√∫rguer do Alex, Pizzaria Samarino, Pizzaria 2 irm√£os.	N√£o	Atendimento	Sim	At√© 10 reais mais caro	Primeiramente gostaria de possuir mais op√ß√µes. Gostaria que os que j√° temos melhorassem seu atendimento, produto e infraestrutura. N√£o tem locais aconchegantes para sairmos com os amigos e passar a noite por l√°.	Nada espec√≠fico. Mas dos que eu vou gosto do atendimento.	Ambiente confort√°vel e tranquilo;Atendimento r√°pido;Pre√ßo de acordo ao local;Variedade de produto;Conforto	N√£o	6
2019/12/05 4:33:33 PM GMT-3	Feminino	Acima de 40 anos	SIm	Entre 5 e 10 reais	Sorveterias 	N√£o	Pre√ßo	Sim	At√© 10 reais mais caro	Local 	Nem uma 	Variedade de produto	N√£o	3
2019/12/05 4:37:05 PM GMT-3	Feminino	18 a 24 anos	SIm	Acima de 20 reais	Posto Samarino 	N√£o	Comida	Sim	At√© 15 reais mais caro	Diversidade de comidas 	Nada rsrsrs	Ambiente confort√°vel e tranquilo	N√£o	4
2019/12/05 4:45:17 PM GMT-3	Masculino	15 a 18 anos	SIm	Entre 15 e 20 reais	T√¥ no a√ßa√≠ 	N√£o	Custo / Benef√≠cio	Sim	At√© 10 reais mais caro	Aumentar a lista de op√ß√µes das comidas, e melhores localiza√ß√µes 	Bom e barato 	Ambiente confort√°vel e tranquilo;Variedade de produto;Conforto	N√£o	6
2019/12/05 4:59:54 PM GMT-3	Feminino	15 a 18 anos	SIm	Entre 5 e 10 reais	Pra√ßa	N√£o	Custo / Benef√≠cio	Sim	At√© 5 reais mais caro	A variedade de produtos e delivery	Atendimento r√°pido	Variedade de produto	N√£o	5
2019/12/05 5:06:47 PM GMT-3	Feminino	24 a 40 anos	SIm		Igreja 	N√£o	Espa√ßo agrad√°vel	Sim	At√© 15 reais mais caro	Mais op√ß√µes de lugares	O sabor	Variedade de produto	Sim	7
2019/12/05 5:49:21 PM GMT-3	Masculino	24 a 40 anos	SIm	Entre 5 e 10 reais	Pra√ßa e Acaraj√©	N√£o	Custo / Benef√≠cio	N√£o		Atendimento e variedade 	Pre√ßo e qualidade	Ambiente confort√°vel e tranquilo;Atendimento r√°pido;Pre√ßo de acordo ao local;Variedade de produto	N√£o	6
2019/12/05 5:51:34 PM GMT-3	Masculino	24 a 40 anos	N√£o	At√© 5 reais	Minha casa	N√£o	Espa√ßo agrad√°vel	Sim	Acima de 15 reais mais caro	Tudo	Nada	Ambiente confort√°vel e tranquilo;Atendimento r√°pido;Variedade de produto;Conforto	N√£o	1
2019/12/05 6:25:08 PM GMT-3	Masculino	15 a 18 anos	SIm	Entre 5 e 10 reais	Pra√ßa Rui barbosa e quadra do colegio modelo	N√£o	Espa√ßo agrad√°vel	Sim	At√© 15 reais mais caro	Qualidade, pre√ßo e variedade	O carisma dos vendedores	Ambiente confort√°vel e tranquilo;Atendimento r√°pido;Pre√ßo de acordo ao local;Variedade de produto	Sim	7
2019/12/05 6:33:39 PM GMT-3	Feminino	15 a 18 anos	SIm	Acima de 20 reais	Pizzaria Fornalha, Boteco do Pedr√£o	Considerando a realidade da cidade, sim.	Espa√ßo agrad√°vel	Sim	Acima de 15 reais mais caro	atendimento, higiene etc.	comida kkkk	Ambiente confort√°vel e tranquilo;Atendimento r√°pido;Pre√ßo de acordo ao local;Variedade de produto;Conforto	N√£o	7
2019/12/05 6:36:05 PM GMT-3	Masculino	18 a 24 anos	SIm	Entre 15 e 20 reais	Paradinha 	Considerando a realidade da cidade, sim.	Atendimento	Sim	At√© 15 reais mais caro	Atendimento, op√ß√µes de variedade	Pre√ßo	Ambiente confort√°vel e tranquilo;Atendimento r√°pido;Pre√ßo de acordo ao local;Variedade de produto;Conforto	N√£o	5
2019/12/05 6:46:17 PM GMT-3	Masculino	18 a 24 anos	SIm	Entre 10 e 15 reais			Espa√ßo agrad√°vel	Sim	At√© 15 reais mais caro			Ambiente confort√°vel e tranquilo	N√£o	5
2019/12/05 7:14:51 PM GMT-3	Feminino	Acima de 40 anos	SIm	Entre 15 e 20 reais	Clube.	Sim	Custo / Benef√≠cio	N√£o		Tipos variados de frutas, verduras, gr√£os.A	As carnes  , aves  frescos.	Variedade de produto	Sim	8
2019/12/05 7:34:45 PM GMT-3	Feminino	Acima de 40 anos	SIm	Entre 10 e 15 reais	Tapiocaria	N√£o	Custo / Benef√≠cio	Sim	At√© 10 reais mais caro	O ambiente.	O pre√ßo.	Ambiente confort√°vel e tranquilo;Pre√ßo de acordo ao local	Sim	7
2019/12/05 7:47:06 PM GMT-3	Masculino	24 a 40 anos	SIm	Acima de 20 reais	Posto Samarino.	Considerando a realidade da cidade, sim.	Comida	Sim	Acima de 15 reais mais caro	O card√°pio e a demora na entrega dos pratos .	A qualidade.		N√£o	7
2019/12/05 7:53:55 PM GMT-3	Masculino	24 a 40 anos	SIm	Acima de 20 reais	Bar do acaraje	N√£o	Custo / Benef√≠cio	Sim	At√© 5 reais mais caro	Higiene	Atendimento	Pre√ßo de acordo ao local	N√£o	7
2019/12/05 7:55:17 PM GMT-3	Masculino	24 a 40 anos	SIm	Acima de 20 reais	Bares	N√£o	Custo / Benef√≠cio	Sim	At√© 10 reais mais caro	Nada	 Nada	Atendimento r√°pido	N√£o	5
2019/12/05 8:05:10 PM GMT-3	Feminino	Acima de 40 anos	SIm	Entre 15 e 20 reais	Supermercado 	N√£o	Custo / Benef√≠cio	Sim	Acima de 15 reais mais caro	Variedades, qualidade, pre√ßo 	Nada	Ambiente confort√°vel e tranquilo;Pre√ßo de acordo ao local;Variedade de produto;Conforto	N√£o	3
2019/12/05 8:18:19 PM GMT-3	Feminino	Acima de 40 anos	N√£o	Acima de 20 reais	Restaurante	N√£o	Custo / Benef√≠cio	Sim	Acima de 15 reais mais caro	Comidas mais leves lights	Nenhum	Ambiente confort√°vel e tranquilo	N√£o	5
2019/12/05 9:28:10 PM GMT-3	Masculino	Acima de 40 anos	SIm	Entre 15 e 20 reais	Pra√ßa Rui Barbosa	N√£o	Espa√ßo agrad√°vel	Sim	At√© 10 reais mais caro	A OFERTA DESSES LOCAIS √â MIITO POUCA EM UBATA, EU VEJO APENAS DOIS LOCAIS DECENTES: RESTAURANTE LEBLON E O RRSTAURANTE E PIZZARIA SAMARINO. BEM NO CENTRO DA CIDADE N√ÉO TEM UM TESTAURANTE DE RESPONSA!	Espa√ßo Amplo, Interatividade(Wifi-TV).	Ambiente confort√°vel e tranquilo;Pre√ßo de acordo ao local	N√£o	6
2019/12/05 9:33:43 PM GMT-3	Masculino	18 a 24 anos	SIm	Acima de 20 reais	Pra√ßa 	Sim	Pre√ßo	Sim	At√© 10 reais mais caro	Lazer 	Festa 	Atendimento r√°pido;Pre√ßo de acordo ao local	Sim	10
2019/12/05 10:09:30 PM GMT-3	Feminino	18 a 24 anos	SIm	Acima de 20 reais	Posto Samarino 	Considerando a realidade da cidade, sim.	Comida	Sim	At√© 10 reais mais caro			Ambiente confort√°vel e tranquilo	N√£o	7
2019/12/05 10:12:33 PM GMT-3	Feminino	18 a 24 anos	SIm	Acima de 20 reais	Boteco do Pedr√£o	Considerando a realidade da cidade, sim.	Espa√ßo agrad√°vel	Sim	Acima de 15 reais mais caro	O ambiente/Variedade de comidas	Custo benef√≠cio	Ambiente confort√°vel e tranquilo	Sim	5
2019/12/05 11:09:08 PM GMT-3	Masculino	18 a 24 anos	SIm	Acima de 20 reais	Espetinho	Considerando a realidade da cidade, sim.	Comida	Sim	Acima de 15 reais mais caro	Sabor ,tudo que √© saboroso √© bom  	Sabor	Ambiente confort√°vel e tranquilo;Atendimento r√°pido;Pre√ßo de acordo ao local	N√£o	5
2019/12/05 11:33:04 PM GMT-3	Feminino	Acima de 40 anos	SIm	Entre 5 e 10 reais	Pra√ßa 	N√£o	Espa√ßo agrad√°vel	Sim	Acima de 15 reais mais caro	Locais  de servi√ßos 	N√£o tem	Ambiente confort√°vel e tranquilo;Atendimento r√°pido;Conforto	N√£o	5
2019/12/05 11:34:10 PM GMT-3	Feminino	15 a 18 anos	SIm	Entre 15 e 20 reais	Pra√ßa	Considerando a realidade da cidade, sim.	Custo / Benef√≠cio	N√£o				Ambiente confort√°vel e tranquilo;Atendimento r√°pido;Pre√ßo de acordo ao local;Variedade de produto;Conforto	Sim	7
2019/12/05 11:38:19 PM GMT-3	Feminino	18 a 24 anos	SIm	Entre 15 e 20 reais	Salgado de Ana, prox ao posto Sp	N√£o	Comida	Sim	At√© 10 reais mais caro	Mais op√ß√µes de locais 	Qualidade dos produtos	Ambiente confort√°vel e tranquilo;Atendimento r√°pido;Variedade de produto	N√£o	5
2019/12/05 11:39:41 PM GMT-3	Feminino	24 a 40 anos	SIm	Acima de 20 reais	Posto samarino	N√£o	Pre√ßo	Sim	Acima de 15 reais mais caro	 Valor, atendimento, ambiente	Qualidade	Ambiente confort√°vel e tranquilo	N√£o	4
2019/12/06 12:08:17 AM GMT-3	Masculino	18 a 24 anos	SIm	Acima de 20 reais	A√ßa√≠, Samarino e Pizza de 12	N√£o	Custo / Benef√≠cio	Sim	Acima de 15 reais mais caro	Qualidade nos produtos		Conforto	N√£o	5
2019/12/06 12:38:35 AM GMT-3	Masculino	18 a 24 anos	SIm	Acima de 20 reais		N√£o	Espa√ßo agrad√°vel	N√£o	Acima de 15 reais mais caro			Variedade de produto	N√£o	1
2019/12/06 6:09:43 AM GMT-3	Feminino	24 a 40 anos	SIm	Acima de 20 reais	Pizzaria	N√£o	Comida	Sim	Acima de 15 reais mais caro	Limpeza, modo de atendimento de alguns estabelecimentos, infraestrutura pois em alguns lugares s√£o prec√°rias entre outras.	Em alguns lugares o atendimento.	Ambiente confort√°vel e tranquilo;Pre√ßo de acordo ao local;Variedade de produto;Conforto	N√£o	4
2019/12/06 8:27:23 AM GMT-3	Masculino	18 a 24 anos	SIm	Acima de 20 reais	Pizza dois irm√£os 	Considerando a realidade da cidade, sim.	Comida	Sim	At√© 10 reais mais caro	Atendimento 	Sabor	Ambiente confort√°vel e tranquilo;Atendimento r√°pido;Pre√ßo de acordo ao local;Variedade de produto;Conforto	N√£o	7
2019/12/06 9:21:53 AM GMT-3	Feminino	24 a 40 anos	SIm	Entre 5 e 10 reais	Pra√ßa 	N√£o	Comida	N√£o	At√© 10 reais mais caro	HAMBURGUER	 Gosto da barraca de gel o atendimento e bom	Ambiente confort√°vel e tranquilo;Variedade de produto;Conforto	N√£o	1
2019/12/06 9:42:08 AM GMT-3	Feminino	24 a 40 anos	SIm	Acima de 20 reais	Ultimamamente em lugar nenhum	Considerando a realidade da cidade, sim.	Atendimento	Sim	At√© 15 reais mais caro	Qualidade ü§∑üèø‚Äç‚ôÄÔ∏è	Nem seiü§î	Atendimento r√°pido	N√£o	5
2019/12/06 12:14:05 PM GMT-3	Feminino	24 a 40 anos	SIm	Entre 15 e 20 reais	Igreja 	Considerando a realidade da cidade, sim.	Espa√ßo agrad√°vel	Sim	At√© 5 reais mais caro	qualidade e a higiene do local 	Nada	Ambiente confort√°vel e tranquilo;Variedade de produto	N√£o	1
2019/12/06 4:32:41 PM GMT-3	Feminino	15 a 18 anos	SIm	Acima de 20 reais	Pra√ßa	N√£o	Comida	Sim	At√© 10 reais mais caro	A qualidade dos alimentos, o pre√ßo, a variedade de alimentos	S√≥ gosto do a√ßa√≠	Variedade de produto	N√£o	5
2019/12/06 7:48:04 PM GMT-3	Feminino	24 a 40 anos	SIm	Entre 10 e 15 reais	Samarino	N√£o	Custo / Benef√≠cio	Sim	At√© 10 reais mais caro	Qualidade em produtos	Diversidade de sabores	Ambiente confort√°vel e tranquilo	Sim	5
2019/12/10 2:43:48 PM GMT-3	Masculino	18 a 24 anos	SIm	Entre 15 e 20 reais	Pra√ßa Rui Barbosa 	N√£o	Custo / Benef√≠cio	Sim	Acima de 15 reais mais caro	Um produto mais atrativo  e diferenciado dando a op√ß√£o de comer algo que seja diferente do que todos j√° esperam .	Custo benef√≠cio  	Ambiente confort√°vel e tranquilo;Variedade de produto	Sim	7
2019/12/10 7:06:52 PM GMT-3	Feminino	15 a 18 anos	SIm	Entre 15 e 20 reais	Pra√ßa 	Considerando a realidade da cidade, sim.	Custo / Benef√≠cio	Sim	At√© 5 reais mais caro	Variedade 		Ambiente confort√°vel e tranquilo;Pre√ßo de acordo ao local;Variedade de produto	N√£o	4
2019/12/10 8:52:08 PM GMT-3	Feminino	24 a 40 anos	SIm	Entre 10 e 15 reais	A√ßai	Sim	Custo / Benef√≠cio	Sim	At√© 5 reais mais caro	Variedades 	Tempero	Atendimento r√°pido	N√£o	4
2019/12/11 10:10:30 PM GMT-3	Masculino	Acima de 40 anos	SIm	Acima de 20 reais	Churrascaria	N√£o	Espa√ßo agrad√°vel	Sim	Acima de 15 reais mais caro	Qualidade	Sucos, moquecas de peixe	Ambiente confort√°vel e tranquilo	N√£o	5
2019/12/17 2:53:55 PM GMT-3	Feminino	At√© 15 anos	SIm	Entre 5 e 10 reais	A√ßaioca	Considerando a realidade da cidade, sim.	Comida	Sim	At√© 15 reais mais caro	Mais op√ß√µes	Pre√ßo, local e sabor 	Atendimento r√°pido;Pre√ßo de acordo ao local;Variedade de produto;Conforto	N√£o	6
